Sammy,Student,sammy@student.email,grades
Sarah,Student,sarah@student.email,study
Andrew,Student,andrew@student.email,campus
Martin,Student,martin@student.email,balance
Xavier,Student,xavier@student.email,